{
  "_fv": 33,
  "_type": "armor",
  "definition": {
    "enableHelmet": true,
    "textureHelmet": "coraleum_head",
    "enableBody": true,
    "textureBody": "coraleum_body",
    "enableLeggings": true,
    "textureLeggings": "coraleum_leggings",
    "enableBoots": true,
    "textureBoots": "coraleum_boots",
    "creativeTab": {
      "value": "COMBAT"
    },
    "armorTextureFile": "coraleum",
    "helmetName": "Coraleum Helmet",
    "bodyName": "Coraleum Chestplate",
    "leggingsName": "Coraleum Leggings",
    "bootsName": "Coraleum Boots",
    "helmetSpecialInfo": [],
    "bodySpecialInfo": [],
    "leggingsSpecialInfo": [],
    "bootsSpecialInfo": [],
    "helmetModelName": "Default",
    "helmetModelPart": "Helmet",
    "helmetModelTexture": "From armor",
    "bodyModelName": "Default",
    "bodyModelPart": "Body",
    "armsModelPartL": "Arms L",
    "armsModelPartR": "Arms R",
    "bodyModelTexture": "From armor",
    "leggingsModelName": "Default",
    "leggingsModelPartL": "Leggings L",
    "leggingsModelPartR": "Leggings R",
    "leggingsModelTexture": "From armor",
    "bootsModelName": "Default",
    "bootsModelPartL": "Boots L",
    "bootsModelPartR": "Boots R",
    "bootsModelTexture": "From armor",
    "helmetImmuneToFire": false,
    "bodyImmuneToFire": false,
    "leggingsImmuneToFire": false,
    "bootsImmuneToFire": false,
    "maxDamage": 5,
    "damageValueHelmet": 1,
    "damageValueBody": 2,
    "damageValueLeggings": 2,
    "damageValueBoots": 1,
    "enchantability": 3,
    "toughness": 0.0,
    "knockbackResistance": 0.0,
    "equipSound": {
      "value": ""
    },
    "repairItems": [
      {
        "value": "CUSTOM:CoraleumDust"
      }
    ]
  }
}