{
  "_fv": 33,
  "_type": "armor",
  "definition": {
    "enableHelmet": true,
    "textureHelmet": "emeralds_head",
    "enableBody": true,
    "textureBody": "emeralds_body",
    "enableLeggings": true,
    "textureLeggings": "emeralds_leggings",
    "enableBoots": true,
    "textureBoots": "emeralds_boots",
    "creativeTab": {
      "value": "COMBAT"
    },
    "armorTextureFile": "emeralds",
    "helmetName": "Emeralds Helmet",
    "bodyName": "Emeralds Chestplate",
    "leggingsName": "Emeralds Leggings",
    "bootsName": "Emeralds Boots",
    "helmetSpecialInfo": [],
    "bodySpecialInfo": [],
    "leggingsSpecialInfo": [],
    "bootsSpecialInfo": [],
    "helmetModelName": "Default",
    "helmetModelPart": "Helmet",
    "helmetModelTexture": "From armor",
    "bodyModelName": "Default",
    "bodyModelPart": "Body",
    "armsModelPartL": "Arms L",
    "armsModelPartR": "Arms R",
    "bodyModelTexture": "From armor",
    "leggingsModelName": "Default",
    "leggingsModelPartL": "Leggings L",
    "leggingsModelPartR": "Leggings R",
    "leggingsModelTexture": "From armor",
    "bootsModelName": "Default",
    "bootsModelPartL": "Boots L",
    "bootsModelPartR": "Boots R",
    "bootsModelTexture": "From armor",
    "helmetImmuneToFire": false,
    "bodyImmuneToFire": false,
    "leggingsImmuneToFire": false,
    "bootsImmuneToFire": false,
    "maxDamage": 53,
    "damageValueHelmet": 7,
    "damageValueBody": 18,
    "damageValueLeggings": 21,
    "damageValueBoots": 7,
    "enchantability": 32,
    "toughness": 0.0,
    "knockbackResistance": 0.0,
    "equipSound": {
      "value": ""
    },
    "repairItems": [
      {
        "value": "Items.EMERALD"
      }
    ]
  }
}