{
  "_fv": 33,
  "_type": "recipe",
  "definition": {
    "recipeType": "Crafting",
    "xpReward": 0.0,
    "cookingTime": 200,
    "recipeRetstackSize": 1,
    "group": "",
    "recipeShapeless": false,
    "recipeSlots": [
      {
        "value": "Blocks.SCULK_SENSOR"
      },
      {
        "value": "Items.BOWL"
      },
      {
        "value": "Blocks.SCULK_SENSOR"
      },
      {
        "value": "Blocks.END_STONE"
      },
      {
        "value": "CUSTOM:Aigue_marina"
      },
      {
        "value": "Blocks.END_STONE"
      },
      {
        "value": "Blocks.END_STONE"
      },
      {
        "value": "Blocks.END_STONE"
      },
      {
        "value": "Blocks.END_STONE"
      }
    ],
    "recipeReturnStack": {
      "value": "Blocks.END_PORTAL_FRAME"
    },
    "name": "enderportalrecipe",
    "namespace": "mod"
  }
}