{
  "_fv": 33,
  "_type": "biome",
  "definition": {
    "name": "Honey",
    "groundBlock": {
      "value": "Blocks.GRASS"
    },
    "undergroundBlock": {
      "value": "Blocks.HONEYCOMB_BLOCK"
    },
    "underwaterBlock": {
      "value": "Blocks.HONEY_BLOCK"
    },
    "airColor": {
      "value": -3342388,
      "falpha": 0.0
    },
    "grassColor": {
      "value": -3342541,
      "falpha": 0.0
    },
    "foliageColor": {
      "value": -154,
      "falpha": 0.0
    },
    "waterColor": {
      "value": -13312,
      "falpha": 0.0
    },
    "waterFogColor": {
      "value": -26266,
      "falpha": 0.0
    },
    "ambientSound": {
      "value": ""
    },
    "additionsSound": {
      "value": ""
    },
    "music": {
      "value": ""
    },
    "moodSound": {
      "value": ""
    },
    "moodSoundDelay": 6000,
    "spawnParticles": false,
    "particleToSpawn": {
      "value": "EXPLOSION_NORMAL"
    },
    "particlesProbability": 0.5,
    "biomeCategory": "FOREST",
    "rainingPossibility": 0.5,
    "temperature": 0.5,
    "baseHeight": 0.1,
    "heightVariation": 0.2,
    "spawnBiome": false,
    "spawnBiomeNether": true,
    "spawnInCaves": true,
    "biomeWeight": 25,
    "biomeDictionaryTypes": [],
    "grassPerChunk": 5,
    "seagrassPerChunk": 1,
    "flowersPerChunk": 5,
    "mushroomsPerChunk": 1,
    "bigMushroomsChunk": 0,
    "sandPatchesPerChunk": 1,
    "gravelPatchesPerChunk": 2,
    "reedsPerChunk": 0,
    "cactiPerChunk": 0,
    "treesPerChunk": 2,
    "vanillaTreeType": "Mega pine trees",
    "treeType": 1,
    "minHeight": 10,
    "treeStem": {
      "value": "Blocks.BEE_NEST"
    },
    "treeBranch": {
      "value": "Blocks.HONEYCOMB_BLOCK"
    },
    "treeVines": {
      "value": "Blocks.HONEY_BLOCK"
    },
    "treeFruits": {
      "value": ""
    },
    "spawnStronghold": false,
    "spawnMineshaft": false,
    "spawnMineshaftMesa": false,
    "spawnPillagerOutpost": false,
    "villageType": "savanna",
    "spawnWoodlandMansion": false,
    "spawnJungleTemple": false,
    "spawnDesertPyramid": false,
    "spawnSwampHut": false,
    "spawnIgloo": false,
    "spawnOceanMonument": false,
    "spawnShipwreck": false,
    "spawnShipwreckBeached": false,
    "spawnBuriedTreasure": false,
    "oceanRuinType": "NONE",
    "spawnNetherBridge": false,
    "spawnNetherFossil": false,
    "spawnBastionRemnant": false,
    "spawnEndCity": false,
    "spawnRuinedPortal": "NONE",
    "defaultFeatures": [
      "Bamboo",
      "Lakes",
      "Ores"
    ],
    "spawnEntries": [
      {
        "entity": {
          "value": "EntityBee"
        },
        "minGroup": 4,
        "maxGroup": 4,
        "weight": 20,
        "spawnType": "creature"
      },
      {
        "entity": {
          "value": "EntityEgg"
        },
        "minGroup": 4,
        "maxGroup": 4,
        "weight": 25,
        "spawnType": "monster"
      },
      {
        "entity": {
          "value": "EntitySlime"
        },
        "minGroup": 4,
        "maxGroup": 4,
        "weight": 15,
        "spawnType": "ambient"
      }
    ]
  }
}