{
  "_fv": 33,
  "_type": "recipe",
  "definition": {
    "recipeType": "Crafting",
    "xpReward": 0.0,
    "cookingTime": 200,
    "recipeRetstackSize": 1,
    "group": "",
    "recipeShapeless": false,
    "recipeSlots": [
      {
        "value": "CUSTOM:Ruby"
      },
      {
        "value": "CUSTOM:Ruby"
      },
      {
        "value": "CUSTOM:Ruby"
      },
      {
        "value": "CUSTOM:Ruby"
      },
      {
        "value": "CUSTOM:Ruby"
      },
      {
        "value": "CUSTOM:Ruby"
      },
      {
        "value": "CUSTOM:Ruby"
      },
      {
        "value": "CUSTOM:Ruby"
      },
      {
        "value": "CUSTOM:Ruby"
      }
    ],
    "recipeReturnStack": {
      "value": "CUSTOM:RubyBlock"
    },
    "name": "ruby_ore_block_recipe",
    "namespace": "mod"
  }
}