{
  "_fv": 33,
  "_type": "villagertrade",
  "definition": {
    "tradeEntries": [
      {
        "villagerProfession": {
          "value": "ARMORER"
        },
        "entries": [
          {
            "price1": {
              "value": "CUSTOM:Saphir"
            },
            "countPrice1": 6,
            "price2": {
              "value": "CUSTOM:SaphirArmor.helmet"
            },
            "countPrice2": 1,
            "offer": {
              "value": "CUSTOM:Aigue_marina"
            },
            "countOffer": 1,
            "level": 1,
            "maxTrades": 10,
            "xp": 15,
            "priceMultiplier": 0.05
          }
        ]
      }
    ]
  }
}