{
  "_fv": 33,
  "_type": "armor",
  "definition": {
    "enableHelmet": true,
    "textureHelmet": "yellow_saphire_head",
    "enableBody": true,
    "textureBody": "yellow_saphire_body",
    "enableLeggings": true,
    "textureLeggings": "yellow_saphire_leggings",
    "enableBoots": true,
    "textureBoots": "yellow_saphire_boots",
    "creativeTab": {
      "value": "COMBAT"
    },
    "armorTextureFile": "yellow_saphire",
    "helmetName": "Yellow_saphire Helmet",
    "bodyName": "Yellow_saphire Chestplate",
    "leggingsName": "Yellow_saphire Leggings",
    "bootsName": "Yellow_saphire Boots",
    "helmetSpecialInfo": [],
    "bodySpecialInfo": [],
    "leggingsSpecialInfo": [],
    "bootsSpecialInfo": [],
    "helmetModelName": "Default",
    "helmetModelPart": "Helmet",
    "helmetModelTexture": "From armor",
    "bodyModelName": "Default",
    "bodyModelPart": "Body",
    "armsModelPartL": "Arms L",
    "armsModelPartR": "Arms R",
    "bodyModelTexture": "From armor",
    "leggingsModelName": "Default",
    "leggingsModelPartL": "Leggings L",
    "leggingsModelPartR": "Leggings R",
    "leggingsModelTexture": "From armor",
    "bootsModelName": "Default",
    "bootsModelPartL": "Boots L",
    "bootsModelPartR": "Boots R",
    "bootsModelTexture": "From armor",
    "helmetImmuneToFire": false,
    "bodyImmuneToFire": false,
    "leggingsImmuneToFire": false,
    "bootsImmuneToFire": false,
    "maxDamage": 38,
    "damageValueHelmet": 5,
    "damageValueBody": 13,
    "damageValueLeggings": 15,
    "damageValueBoots": 5,
    "enchantability": 23,
    "toughness": 0.0,
    "knockbackResistance": 0.0,
    "equipSound": {
      "value": ""
    },
    "repairItems": [
      {
        "value": "CUSTOM:Yellow_saphire"
      }
    ]
  }
}