{
  "type": "minecraft:crafting_shaped",
  "pattern": [
    "01",
    "23",
    " 5"
  ],
  "key": {
    "0": {
      "item": "under_nether_neverack:aigue_marina"
    },
    "1": {
      "item": "under_nether_neverack:aigue_marina"
    },
    "2": {
      "item": "under_nether_neverack:aigue_marina"
    },
    "3": {
      "item": "minecraft:stick"
    },
    "5": {
      "item": "minecraft:stick"
    }
  },
  "result": {
    "item": "under_nether_neverack:aigue_marina_axe",
    "count": 1
  }
}